{
    "programType": "script",
    "specVersion": "1.1",
    "encodingVersion": "1",
    "concreteTypes": [
      {
        "type": "()",
        "concreteTypeId": "2e38e77b22c314a449e91fafed92a43826ac6aa403ae6a8acb6cf58239fbaf5d"
      },
      {
        "type": "u64",
        "concreteTypeId": "1506e6f44c1d6291cdf46395a8e573276a4fa79e8ace3fc891e092ef32d1b0a0"
      }
    ],
    "metadataTypes": [],
    "functions": [
      {
        "inputs": [],
        "name": "main",
        "output": "2e38e77b22c314a449e91fafed92a43826ac6aa403ae6a8acb6cf58239fbaf5d",
        "attributes": null
      }
    ],
    "loggedTypes": [
      {
        "logId": "1515152261580153489",
        "concreteTypeId": "1506e6f44c1d6291cdf46395a8e573276a4fa79e8ace3fc891e092ef32d1b0a0"
      }
    ],
    "messagesTypes": [],
    "configurables": []
  }